-- phpMyAdmin SQL Dump
-- version 5.2.0
-- https://www.phpmyadmin.net/
--
-- Servidor: 127.0.0.1
-- Tiempo de generación: 14-10-2022 a las 22:19:51
-- Versión del servidor: 10.4.25-MariaDB
-- Versión de PHP: 8.1.10

SET SQL_MODE = "NO_AUTO_VALUE_ON_ZERO";
START TRANSACTION;
SET time_zone = "+00:00";


/*!40101 SET @OLD_CHARACTER_SET_CLIENT=@@CHARACTER_SET_CLIENT */;
/*!40101 SET @OLD_CHARACTER_SET_RESULTS=@@CHARACTER_SET_RESULTS */;
/*!40101 SET @OLD_COLLATION_CONNECTION=@@COLLATION_CONNECTION */;
/*!40101 SET NAMES utf8mb4 */;

--
-- Base de datos: `proyecto`
--

-- --------------------------------------------------------

--
-- Estructura de tabla para la tabla `alumno`
--

CREATE TABLE `alumno` (
  `id_alumno` int(11) NOT NULL,
  `DNI` int(10) NOT NULL,
  `Apellido` varchar(30) DEFAULT NULL,
  `Nombre` varchar(30) DEFAULT NULL,
  `Fecha_nacimiento` date DEFAULT NULL,
  `Estado` tinyint(4) DEFAULT NULL
) ENGINE=InnoDB DEFAULT CHARSET=utf8mb4;

--
-- Volcado de datos para la tabla `alumno`
--

INSERT INTO `alumno` (`id_alumno`, `DNI`, `Apellido`, `Nombre`, `Fecha_nacimiento`, `Estado`) VALUES
(1, 34429045, 'Seitz', 'Jimena', '1990-02-07', 0),
(2, 32345321, 'Pujato', 'Pablo', '2010-10-12', 1),
(3, 32345679, 'Sanchez', 'Tomas', '1995-10-13', 1);

-- --------------------------------------------------------

--
-- Estructura de tabla para la tabla `inscripcion`
--

CREATE TABLE `inscripcion` (
  `id_inscripcion` int(11) NOT NULL,
  `id_alumno` int(11) NOT NULL,
  `id_materia` int(11) NOT NULL,
  `nota` double NOT NULL
) ENGINE=InnoDB DEFAULT CHARSET=utf8mb4;

--
-- Volcado de datos para la tabla `inscripcion`
--

INSERT INTO `inscripcion` (`id_inscripcion`, `id_alumno`, `id_materia`, `nota`) VALUES
(1, 1, 2, 0),
(2, 1, 3, 0),
(3, 2, 3, 8),
(4, 2, 1, 8),
(5, 3, 3, 0),
(6, 3, 4, 0);

-- --------------------------------------------------------

--
-- Estructura de tabla para la tabla `materia`
--

CREATE TABLE `materia` (
  `id_materia` int(11) NOT NULL,
  `nombre` varchar(30) NOT NULL,
  `anio` int(11) NOT NULL,
  `estado` tinyint(4) NOT NULL
) ENGINE=InnoDB DEFAULT CHARSET=utf8mb4;

--
-- Volcado de datos para la tabla `materia`
--

INSERT INTO `materia` (`id_materia`, `nombre`, `anio`, `estado`) VALUES
(1, 'MATEMATICAS', 1, 1),
(2, 'PROGRAMACION', 1, 1),
(3, 'WEB', 1, 1),
(4, 'ESTRUCTURA DE DATOS', 1, 1),
(5, 'Web 2', 2, 1);

--
-- Índices para tablas volcadas
--

--
-- Indices de la tabla `alumno`
--
ALTER TABLE `alumno`
  ADD PRIMARY KEY (`id_alumno`),
  ADD UNIQUE KEY `DNI` (`DNI`);

--
-- Indices de la tabla `inscripcion`
--
ALTER TABLE `inscripcion`
  ADD PRIMARY KEY (`id_inscripcion`),
  ADD KEY `id_alumno` (`id_alumno`),
  ADD KEY `id_materia` (`id_materia`);

--
-- Indices de la tabla `materia`
--
ALTER TABLE `materia`
  ADD PRIMARY KEY (`id_materia`);

--
-- Restricciones para tablas volcadas
--

--
-- Filtros para la tabla `inscripcion`
--
ALTER TABLE `inscripcion`
  ADD CONSTRAINT `inscripcion_ibfk_1` FOREIGN KEY (`id_alumno`) REFERENCES `alumno` (`id_alumno`),
  ADD CONSTRAINT `inscripcion_ibfk_2` FOREIGN KEY (`id_materia`) REFERENCES `materia` (`id_materia`);
COMMIT;

/*!40101 SET CHARACTER_SET_CLIENT=@OLD_CHARACTER_SET_CLIENT */;
/*!40101 SET CHARACTER_SET_RESULTS=@OLD_CHARACTER_SET_RESULTS */;
/*!40101 SET COLLATION_CONNECTION=@OLD_COLLATION_CONNECTION */;
